selling_type,address,city,region,postal_code,price
['Bank Auction'],['300 W 110th St Apt 11E'],['New York'],['NY'],['10026'],"['$449,000']"
['Pre-foreclosure'],['1st Ave Apt 30G'],['New York'],['NY'],['10016'],"['$765,000']"
['Pre-foreclosure'],['1st Ave Apt 30A'],['New York'],['NY'],['10016'],"['$756,000']"
['Pre-foreclosure'],['E Broadway'],['New York'],['NY'],['10002'],"['$6,750,000']"
['Pre-foreclosure'],['E 74th St'],['New York'],['NY'],['10021'],"['$675,000']"
['Bank Owned'],['Broadway'],['New York'],['NY'],['10019'],"['$929,694']"
['Bank Owned'],['Academy St'],['New York'],['NY'],['10034'],"['$412,000']"
['Pre-foreclosure'],['W 18th St Apt 17B'],['New York'],['NY'],['10011'],"['$1,247,000']"
['Pre-foreclosure'],['Worth St Ste 604'],['New York'],['NY'],['10013'],"['$2,319,000']"
['Pre-foreclosure'],['E 72nd St'],['New York'],['NY'],['10021'],"['$1,330,000']"
['Pre-foreclosure'],['W 57th St Apt 6H'],['New York'],['NY'],['10019'],"['$758,000']"
['Pre-foreclosure'],['E 36th St'],['New York'],['NY'],['10016'],"['$1,000,000']"
['Pre-foreclosure'],['E 2nd St Apt 6'],['New York'],['NY'],['10009'],"['$1,976,000']"
['Pre-foreclosure'],['Park Pl'],['New York'],['NY'],['10007'],"['$50,000,000']"
['Pre-foreclosure'],['E 76th St Apt 17A'],['New York'],['NY'],['10021'],"['$910,000']"
['Pre-foreclosure'],['E 54th St Apt 7F'],['New York'],['NY'],['10022'],"['$1,165,000']"
['Bank Owned'],['E 81st St Apt 4C'],['New York'],['NY'],['10028'],"['$1,000']"
['Bank Owned'],['E 46th St'],['New York'],['NY'],['10017'],"['$960,000']"
['Pre-foreclosure'],['E 65th St Apt 6E'],['New York'],['NY'],['10065'],"['$1,931,000']"
['Pre-foreclosure'],['W 147th St'],['New York'],['NY'],['10031'],"['$2,107,000']"
['Pre-foreclosure'],['W 144th St'],['New York'],['NY'],['10031'],"['$1,632,000']"
['Bank Owned'],['5th Ave Apt 5A'],['New York'],['NY'],['10035'],"['$4,287,500']"
['Bank Owned'],['Broadway Apt 210'],['New York'],['NY'],['10033'],"['$315,908']"
['Bank Owned'],['E 63rd St Apt 20B'],['New York'],['NY'],['10065'],"['$1,831,432']"
['Pre-foreclosure'],['E 90th St Apt 15E'],['New York'],['NY'],['10128'],"['$1,275,000']"
['Pre-foreclosure'],['E 90th St Apt 15D'],['New York'],['NY'],['10128'],"['$1,221,000']"
['Pre-foreclosure'],['E 90th St Apt 15A'],['New York'],['NY'],['10128'],"['$576,000']"
['Pre-foreclosure'],['Malcolm X Blvd'],['New York'],['NY'],['10027'],"['$3,950,000']"
['Pre-foreclosure'],['W 89th St Apt 6E'],['New York'],['NY'],['10024'],"['$969,000']"
['Pre-foreclosure'],['E 48th St'],['New York'],['NY'],['10017'],"['$484,000']"
['Pre-foreclosure'],['E 30th St Apt 11J'],['New York'],['NY'],['10016'],"['$1,183,000']"
['Pre-foreclosure'],['E 57th St'],['New York'],['NY'],['10022'],"['$1,731,000']"
['Pre-foreclosure'],['E 17th St Fl 5'],['New York'],['NY'],['10003'],"['$1,678,000']"
['Pre-foreclosure'],['W 123rd St'],['New York'],['NY'],['10027'],"['$1,891,000']"
['Pre-foreclosure'],['E 86th St'],['New York'],['NY'],['10028'],"['$771,000']"
['Pre-foreclosure'],['E 86th St'],['New York'],['NY'],['10028'],"['$771,000']"
['Pre-foreclosure'],['Frederick Douglass Blvd Apt 2'],['New York'],['NY'],['10027'],"['$1,192,000']"
['Pre-foreclosure'],['E 70th St'],['New York'],['NY'],['10021'],"['$1,117,000']"
['Pre-foreclosure'],['Frederick Douglass Blvd'],['New York'],['NY'],['10026'],"['$1,056,000']"
['Pre-foreclosure'],['Frederick Douglass Blvd'],['New York'],['NY'],['10026'],"['$1,106,000']"
['Pre-foreclosure'],['Frederick Douglass Blvd'],['New York'],['NY'],['10026'],"['$1,176,000']"
['Pre-foreclosure'],['W 115th St'],['New York'],['NY'],['10026'],"['$1,213,000']"
['Pre-foreclosure'],['W 115th St'],['New York'],['NY'],['10026'],"['$1,212,000']"
['Pre-foreclosure'],['W 115th St'],['New York'],['NY'],['10026'],"['$1,115,000']"
['Bank Owned'],['Little West St'],['New York'],['NY'],['10280'],"['$3,950,000']"
['Bank Owned'],['W 48th St'],['New York'],['NY'],['10036'],"['$2,237,000']"
['Pre-foreclosure'],['E 80th St Apt 1R'],['New York'],['NY'],['10075'],"['$1,475,000']"
['Pre-foreclosure'],['W 123rd St'],['New York'],['NY'],['10027'],"['$1,652,000']"
['Pre-foreclosure'],['E 57th St Apt 30F'],['New York'],['NY'],['10022'],"['$581,000']"
['Pre-foreclosure'],['E 54th St Apt 4D'],['New York'],['NY'],['10022'],"['$1,556,000']"
['Pre-foreclosure'],['Broadway Apt 3129'],['New York'],['NY'],['10023'],"['$1,243,000']"
['Pre-foreclosure'],['E 120th St'],['New York'],['NY'],['10035'],"['$1,940,000']"
['Pre-foreclosure'],['E 48th St Apt 20D'],['New York'],['NY'],['10017'],"['$487,000']"
['Bank Owned'],['Little West St'],['New York'],['NY'],['10280'],"['$2,250,000']"
['Bank Owned'],['Central Park S Apt 24B'],['New York'],['NY'],['10019'],"['$2,943,862']"
['Bank Owned'],['1st Ave Apt 2E'],['New York'],['NY'],['10010'],"['$1,988,337']"
['Bank Owned'],['Central Park S Apt 18K'],['New York'],['NY'],['10019'],"['$2,061,956']"
['Pre-foreclosure'],['W 88th St Apt 706'],['New York'],['NY'],['10024'],"['$718,000']"
['Pre-foreclosure'],['W 138th St'],['New York'],['NY'],['10030'],"['$1,568,000']"
['Pre-foreclosure'],['E 115th St'],['New York'],['NY'],['10029'],"['$2,356,000']"
['Pre-foreclosure'],['Park Ave Apt 19A'],['New York'],['NY'],['10075'],"['$1,963,000']"
['Pre-foreclosure'],['W 127th St'],['New York'],['NY'],['10027'],"['$2,080,000']"
['Pre-foreclosure'],['Bowery'],['New York'],['NY'],['10002'],"['$1,776,000']"
['Pre-foreclosure'],['Bowery'],['New York'],['NY'],['10002'],"['$2,054,000']"
['Pre-foreclosure'],['W 53rd St Apt 7B'],['New York'],['NY'],['10019'],"['$2,802,000']"
['Pre-foreclosure'],['W 117th St'],['New York'],['NY'],['10026'],"['$2,269,000']"
['Pre-foreclosure'],['Wall St'],['New York'],['NY'],['10005'],"['$1,454,000']"
['Pre-foreclosure'],['W 123rd St'],['New York'],['NY'],['10027'],"['$1,742,000']"
['Pre-foreclosure'],['5th Ave Apt 50C'],['New York'],['NY'],['10022'],"['$1,656,000']"
['Pre-foreclosure'],['Leonard St Apt 4A'],['New York'],['NY'],['10013'],"['$997,500']"
['Pre-foreclosure'],['Laguardia Pl Apt 6A'],['New York'],['NY'],['10012'],"['$2,366,000']"
['Pre-foreclosure'],['W 57th St'],['New York'],['NY'],['10019'],"['$1,712,000']"
['Pre-foreclosure'],['Central Park S'],['New York'],['NY'],['10019'],"['$1,939,000']"
['Pre-foreclosure'],['Henry St'],['New York'],['NY'],['10002'],"['$716,000']"
['Bank Owned'],['York Ave Apt 5K'],['New York'],['NY'],['10021'],"['$361,000']"
['Pre-foreclosure'],['Park Ave Apt 10G'],['New York'],['NY'],['10022'],"['$1,930,000']"
['Pre-foreclosure'],['Chambers St Apt 26C'],['New York'],['NY'],['10007'],"['$1,728,000']"
['Pre-foreclosure'],['E 90th St Apt 9E'],['New York'],['NY'],['10128'],"['$1,315,000']"
['Pre-foreclosure'],['Edgecombe Ave'],['New York'],['NY'],['10030'],"['$1,710,000']"
['Pre-foreclosure'],['W 55th St Apt 15G'],['New York'],['NY'],['10019'],"['$890,000']"
['Pre-foreclosure'],['W 56th St Apt 16N'],['New York'],['NY'],['10019'],"['$2,310,000']"
['Pre-foreclosure'],['Riverside Blvd Apt 5J'],['New York'],['NY'],['10069'],"['$937,000']"
['Pre-foreclosure'],['E 44th St Apt 8'],['New York'],['NY'],['10017'],"['$1,413,000']"
['Pre-foreclosure'],['Chambers St Apt 7K'],['New York'],['NY'],['10007'],"['$931,000']"
['Pre-foreclosure'],['W 43rd St Apt 21E'],['New York'],['NY'],['10036'],"['$819,000']"
['Pre-foreclosure'],['W 151st St Apt 5A'],['New York'],['NY'],['10031'],"['$347,000']"
['Pre-foreclosure'],['Mercer St Frnt 1B'],['New York'],['NY'],['10012'],"['$2,398,000']"
['Pre-foreclosure'],['Mercer St Frnt 1A'],['New York'],['NY'],['10012'],"['$37,000,000']"
['Bank Owned'],['E 57th St'],['New York'],['NY'],['10022'],"['$4,600,000']"
['Bank Owned'],['Riverside Blvd Apt 15C'],['New York'],['NY'],['10069'],"['$693,000']"
['Pre-foreclosure'],['8th Ave'],['New York'],['NY'],['10036'],"['$11,000,000']"
['Pre-foreclosure'],['Lexington Ave'],['New York'],['NY'],['10029'],"['$1,975,000']"
['Pre-foreclosure'],['W 57th St Apt 26J'],['New York'],['NY'],['10019'],"['$1,012,000']"
['Pre-foreclosure'],['W 42nd St Apt 45H'],['New York'],['NY'],['10036'],"['$1,183,000']"
['Pre-foreclosure'],['W 51st St'],['New York'],['NY'],['10019'],"['$343,000']"
['Pre-foreclosure'],['W 86th St Apt 5A'],['New York'],['NY'],['10024'],"['$1,885,000']"
['Pre-foreclosure'],['Pine St Apt 8N'],['New York'],['NY'],['10005'],"['$1,448,000']"
['Pre-foreclosure'],['W 64th St'],['New York'],['NY'],['10023'],"['$2,301,000']"
['Bank Owned'],['W 56th St Apt 4I'],['New York'],['NY'],['10019'],"['$1,015,297']"
['Bank Owned'],['Broadway PH 3B'],['New York'],['NY'],['10019'],"['$883,864']"
['Bank Owned'],['Spring St'],['New York'],['NY'],['10013'],"['$871,000']"
['Bank Owned'],['W 56th St Apt 4N'],['New York'],['NY'],['10019'],"['$1,000']"
['Pre-foreclosure'],['E 72nd St Apt 39D'],['New York'],['NY'],['10021'],"['$1,552,000']"
['Pre-foreclosure'],['W 175th St'],['New York'],['NY'],['10033'],"['$950,000']"
['Pre-foreclosure'],['West St Apt 22J'],['New York'],['NY'],['10004'],"['$2,219,000']"
['Pre-foreclosure'],['E Houston St Apt 5A'],['New York'],['NY'],['10002'],"['$1,500,000']"
['Pre-foreclosure'],['5th Ave Apt 55A'],['New York'],['NY'],['10016'],"['$1,434,000']"
['Pre-foreclosure'],['W 30th St Apt 16A'],['New York'],['NY'],['10001'],"['$2,588,000']"
['Pre-foreclosure'],['W 119th St'],['New York'],['NY'],['10026'],"['$1,987,000']"
['Pre-foreclosure'],['1st Ave Apt 28H'],['New York'],['NY'],['10016'],"['$1,145,000']"
['Pre-foreclosure'],['W 139th St'],['New York'],['NY'],['10030'],"['$1,992,000']"
['Pre-foreclosure'],['W 135th St Apt 2T'],['New York'],['NY'],['10030'],"['$749,000']"
['Bank Owned'],['Rector Pl Apt 5G'],['New York'],['NY'],['10280'],"['$570,000']"
['Bank Owned'],['W 80th St Apt 1A'],['New York'],['NY'],['10024'],"['$902,000']"
['Bank Owned'],['Central Park W Apt 12G'],['New York'],['NY'],['10025'],"['$1,000']"
['Pre-foreclosure'],['W 125th St'],['New York'],['NY'],['10027'],"['$2,045,000']"
['Pre-foreclosure'],['E 38th St Apt 23K'],['New York'],['NY'],['10016'],"['$1,170,000']"
['Pre-foreclosure'],['E 125th St'],['New York'],['NY'],['10035'],"['$1,000,000']"
['Pre-foreclosure'],['E 101st St'],['New York'],['NY'],['10029'],"['$1,520,000']"
['Pre-foreclosure'],['Park Ave Apt 906'],['New York'],['NY'],['10016'],"['$1,127,000']"
['Bank Owned'],['E 34th St'],['New York'],['NY'],['10016'],"['$1,600,000']"
['Bank Owned'],['E 79th St Apt 10F'],['New York'],['NY'],['10075'],"['$1,016,000']"
['Pre-foreclosure'],['Wall St Apt 700'],['New York'],['NY'],['10005'],"['$1,573,000']"
['Pre-foreclosure'],['E 18th St'],['New York'],['NY'],['10003'],"['$23,500,000']"
['Bank Owned'],['E 54th St Apt 12C'],['New York'],['NY'],['10022'],"['$1,045,000']"
['Bank Owned'],['W 15th St Apt 3G'],['New York'],['NY'],['10011'],"['$1,182,500']"
['Pre-foreclosure'],['E 66th St Apt 9A'],['New York'],['NY'],['10065'],"['$781,000']"
['Pre-foreclosure'],['W 50th St'],['New York'],['NY'],['10019'],"['$794,000']"
['Pre-foreclosure'],['W 121st St'],['New York'],['NY'],['10027'],"['$1,986,000']"
['Pre-foreclosure'],['E 36th St Apt 10G'],['New York'],['NY'],['10016'],"['$630,000']"
['Pre-foreclosure'],['E 40th St Apt 41H'],['New York'],['NY'],['10016'],"['$952,000']"
['Pre-foreclosure'],['E 28th St'],['New York'],['NY'],['10016'],"['$2,335,000']"
['Pre-foreclosure'],['E 23rd St Apt 15H'],['New York'],['NY'],['10010'],"['$982,000']"
['Pre-foreclosure'],['Broadway Apt 12E'],['New York'],['NY'],['10019'],"['$986,000']"
['Pre-foreclosure'],['W 42nd St Apt 6E'],['New York'],['NY'],['10036'],"['$918,000']"
['Pre-foreclosure'],['W 57th St Apt 42C'],['New York'],['NY'],['10019'],"['$1,500,000']"
['Pre-foreclosure'],['W End Ave'],['New York'],['NY'],['10025'],"['$1,834,000']"
['Bank Owned'],['Riverside Blvd'],['New York'],['NY'],['10069'],"['$1,055,000']"
['Bank Owned'],['Frederick Douglass Blvd'],['New York'],['NY'],['10039'],"['$7,800,000']"
['Bank Owned'],['Frederick Douglass Blvd'],['New York'],['NY'],['10039'],"['$7,800,000']"
['Bank Owned'],['Frederick Douglass Blvd'],['New York'],['NY'],['10039'],"['$7,800,000']"
['Bank Owned'],['Frederick Douglass Blvd'],['New York'],['NY'],['10039'],"['$7,800,000']"
['Bank Owned'],['Frederick Douglass Blvd'],['New York'],['NY'],['10039'],"['$7,800,000']"
['Bank Owned'],['W 136th St'],['New York'],['NY'],['10030'],"['$1,075,000']"
['Pre-foreclosure'],['W 136th St'],['New York'],['NY'],['10030'],"['$1,964,000']"
['Pre-foreclosure'],['Broadway'],['New York'],['NY'],['10033'],"['$72,000,000']"
['Pre-foreclosure'],['Perry St'],['New York'],['NY'],['10014'],"['$2,636,000']"
['Pre-foreclosure'],['W 71st St Apt 4A'],['New York'],['NY'],['10023'],"['$1,465,000']"
['Pre-foreclosure'],['Malcolm X Blvd'],['New York'],['NY'],['10027'],"['$2,043,000']"
['Pre-foreclosure'],['W 120th St'],['New York'],['NY'],['10027'],"['$2,154,000']"
['Pre-foreclosure'],['E 105th St Apt 1N'],['New York'],['NY'],['10029'],"['$745,000']"
['Pre-foreclosure'],['W 50th St Apt 4X'],['New York'],['NY'],['10019'],"['$539,000']"
['Bank Owned'],['W 23rd St Apt N12D'],['New York'],['NY'],['10011'],"['$1,070,021']"
['Bank Owned'],['Elizabeth St'],['New York'],['NY'],['10012'],"['$6,500,000']"
['Pre-foreclosure'],['W 57th St Apt 49D'],['New York'],['NY'],['10019'],"['$1,170,000']"
['Pre-foreclosure'],['W 89th St Apt 5D'],['New York'],['NY'],['10024'],"['$2,156,000']"
['Pre-foreclosure'],['W 89th St'],['New York'],['NY'],['10024'],"['$800,000']"
['Pre-foreclosure'],['E 64th St'],['New York'],['NY'],['10065'],"['$1,482,000']"
['Pre-foreclosure'],['5th Ave'],['New York'],['NY'],['10035'],"['$1,655,000']"
['Pre-foreclosure'],['E End Ave Apt 10B'],['New York'],['NY'],['10028'],"['$2,791,000']"
['Pre-foreclosure'],['Amsterdam Ave'],['New York'],['NY'],['10032'],"['$1,361,000']"
['Pre-foreclosure'],['Frederick Douglass Blvd Apt 3B'],['New York'],['NY'],['10030'],"['$839,000']"
['Pre-foreclosure'],['E 118th St'],['New York'],['NY'],['10035'],"['$1,996,000']"
['Pre-foreclosure'],['Central Park W Apt 11M'],['New York'],['NY'],['10023'],"['$2,527,000']"
['Pre-foreclosure'],['E 63rd St'],['New York'],['NY'],['10065'],"['$1,089,000']"
['Pre-foreclosure'],['7th Ave Apt 16B'],['New York'],['NY'],['10001'],"['$2,457,000']"
['Pre-foreclosure'],['E 38th St Apt 14N'],['New York'],['NY'],['10016'],"['$1,926,000']"
['Pre-foreclosure'],['Central Park S Apt 7L'],['New York'],['NY'],['10019'],"['$625,000']"
['Pre-foreclosure'],['W 142nd St'],['New York'],['NY'],['10030'],"['$550,000']"
['Pre-foreclosure'],['W 142nd St'],['New York'],['NY'],['10030'],"['$552,000']"
['Pre-foreclosure'],['Pine St Apt 11C'],['New York'],['NY'],['10005'],"['$560,000']"
['Pre-foreclosure'],['W 56th St Apt 9A'],['New York'],['NY'],['10019'],"['$976,000']"
['Pre-foreclosure'],['E 76th St Apt 6B'],['New York'],['NY'],['10021'],"['$1,197,000']"
['Pre-foreclosure'],['Park Ave Apt 1203'],['New York'],['NY'],['10016'],"['$2,070,000']"
['Pre-foreclosure'],['W 137th St'],['New York'],['NY'],['10030'],"['$735,000']"
['Pre-foreclosure'],['Madison Ave'],['New York'],['NY'],['10075'],"['$17,000']"
['Pre-foreclosure'],['W 42nd St Apt 35E'],['New York'],['NY'],['10036'],"['$1,482,000']"
['Pre-foreclosure'],['Barrow St Apt 413'],['New York'],['NY'],['10014'],"['$1,596,000']"
['Pre-foreclosure'],['W 119th St'],['New York'],['NY'],['10026'],"['$1,990,000']"
['Pre-foreclosure'],['W 20th St'],['New York'],['NY'],['10011'],"['$697,000']"
['Pre-foreclosure'],['E 82nd St Apt 4C'],['New York'],['NY'],['10028'],"['$775,000']"
['Pre-foreclosure'],['W 79th St Apt 6E'],['New York'],['NY'],['10024'],"['$1,342,000']"
['Pre-foreclosure'],['3rd Ave Apt 8F'],['New York'],['NY'],['10128'],"['$1,219,000']"
['Pre-foreclosure'],['Frederick Douglass Blvd Apt 5F'],['New York'],['NY'],['10030'],"['$612,000']"
['Pre-foreclosure'],['W 46th St Apt 105'],['New York'],['NY'],['10036'],"['$1,733,000']"
['Pre-foreclosure'],['Riverside Blvd Apt 20D'],['New York'],['NY'],['10069'],"['$1,403,000']"
['Pre-foreclosure'],['E 116th St'],['New York'],['NY'],['10029'],"['$667,000']"
['Pre-foreclosure'],['W 19th St Apt 6F'],['New York'],['NY'],['10011'],"['$2,198,000']"
['Pre-foreclosure'],['W 76th St Apt 1401'],['New York'],['NY'],['10023'],"['$2,605,000']"
['Pre-foreclosure'],['Broad St Apt 2120'],['New York'],['NY'],['10005'],"['$2,410,000']"
['Pre-foreclosure'],['W End Ave Apt 31C'],['New York'],['NY'],['10023'],"['$2,558,000']"
['Pre-foreclosure'],['Saint Nicholas Ave'],['New York'],['NY'],['10032'],"['$1,655,000']"
['Pre-foreclosure'],['W 42nd St Apt 25F'],['New York'],['NY'],['10036'],"['$1,498,000']"
['Pre-foreclosure'],['Central Park S Apt 5N'],['New York'],['NY'],['10019'],"['$2,137,000']"
['Pre-foreclosure'],['S End Ave Apt 12E'],['New York'],['NY'],['10280'],"['$812,000']"
['Pre-foreclosure'],['5th Ave Apt THB1'],['New York'],['NY'],['10026'],"['$1,167,000']"
['Pre-foreclosure'],['W 116th St Apt 3A'],['New York'],['NY'],['10026'],"['$1,832,000']"
['Pre-foreclosure'],['Central Park W Apt 1D'],['New York'],['NY'],['10025'],"['$473,000']"
['Pre-foreclosure'],['E 80th St Apt 7C'],['New York'],['NY'],['10075'],"['$2,125,000']"
['Pre-foreclosure'],['E 80th St Apt 7B'],['New York'],['NY'],['10075'],"['$1,525,000']"
['Pre-foreclosure'],['W 46th St'],['New York'],['NY'],['10036'],"['$572,000']"
['Pre-foreclosure'],['Riverside Blvd'],['New York'],['NY'],['10069'],"['$499,000']"
['Pre-foreclosure'],['W 123rd St'],['New York'],['NY'],['10027'],"['$1,323,000']"
['Pre-foreclosure'],['W 136th St'],['New York'],['NY'],['10030'],"['$439,000']"
['Pre-foreclosure'],['1st Ave'],['New York'],['NY'],['10009'],"['$1,542,000']"
['Pre-foreclosure'],['Avenue A'],['New York'],['NY'],['10009'],"['$1,318,000']"
['Pre-foreclosure'],['E 46th St'],['New York'],['NY'],['10017'],"['$741,000']"
['Pre-foreclosure'],['E 62nd St'],['New York'],['NY'],['10065'],"['$1,965,000']"
['Pre-foreclosure'],['W 137th St'],['New York'],['NY'],['10030'],"['$1,547,000']"
['Pre-foreclosure'],['Park Ave Apt 24A'],['New York'],['NY'],['10022'],"['$1,420,000']"
['Pre-foreclosure'],['Riverside Blvd Apt 6E'],['New York'],['NY'],['10069'],"['$804,000']"
['Pre-foreclosure'],['E 118th St'],['New York'],['NY'],['10035'],"['$1,608,000']"
['Pre-foreclosure'],['Centre St Ste 213'],['New York'],['NY'],['10013'],"['$850,000']"
['Pre-foreclosure'],['Park Ave Apt 11C'],['New York'],['NY'],['10075'],"['$1,669,000']"
['Pre-foreclosure'],['W 138th St'],['New York'],['NY'],['10030'],"['$1,717,000']"
['Pre-foreclosure'],['W 147th St'],['New York'],['NY'],['10031'],"['$1,579,000']"
['Pre-foreclosure'],['7th Ave Apt 9E'],['New York'],['NY'],['10001'],"['$726,000']"
['Pre-foreclosure'],['Broad St Apt 1914'],['New York'],['NY'],['10005'],"['$2,218,000']"
['Pre-foreclosure'],['W 162nd St'],['New York'],['NY'],['10032'],"['$2,024,000']"
['Pre-foreclosure'],['E 1st St Apt 4S'],['New York'],['NY'],['10003'],"['$1,389,000']"
['Pre-foreclosure'],['Fulton St Apt 14'],['New York'],['NY'],['10038'],"['$1,291,000']"
['Pre-foreclosure'],['Bowery'],['New York'],['NY'],['10013'],"['$3,850,000']"
['Pre-foreclosure'],['E 50th St'],['New York'],['NY'],['10022'],"['$884,000']"
['Pre-foreclosure'],['E 12th St Apt 5A'],['New York'],['NY'],['10003'],"['$1,421,000']"
['Pre-foreclosure'],['Convent Ave'],['New York'],['NY'],['10031'],"['$1,830,000']"
['Pre-foreclosure'],['Avenue B Apt 3C'],['New York'],['NY'],['10009'],"['$1,242,000']"
['Pre-foreclosure'],['Wall Street Ct Apt 1003'],['New York'],['NY'],['10005'],"['$455,000']"
['Pre-foreclosure'],['Little West St Apt 23B'],['New York'],['NY'],['10004'],"['$2,058,000']"
['Pre-foreclosure'],['W 126th St'],['New York'],['NY'],['10027'],"['$1,852,000']"
['Pre-foreclosure'],['W End Ave Apt 31B'],['New York'],['NY'],['10023'],"['$2,039,000']"
['Pre-foreclosure'],['E 75th St Apt 12F'],['New York'],['NY'],['10021'],"['$813,000']"
['Pre-foreclosure'],['Charles St'],['New York'],['NY'],['10014'],"['$1,678,000']"
['Pre-foreclosure'],['Riverside Blvd Apt 8L'],['New York'],['NY'],['10069'],"['$2,139,000']"
['Pre-foreclosure'],['Thompson St Apt 5V'],['New York'],['NY'],['10012'],"['$1,021,000']"
['Pre-foreclosure'],['3rd Ave Apt 3C'],['New York'],['NY'],['10128'],"['$882,000']"
['Pre-foreclosure'],['E 34th St Apt 7K'],['New York'],['NY'],['10016'],"['$625,000']"
['Pre-foreclosure'],['W 137th St'],['New York'],['NY'],['10030'],"['$1,735,000']"
['Pre-foreclosure'],['Central Park W Apt 11Y'],['New York'],['NY'],['10025'],"['$791,000']"
['Pre-foreclosure'],['Central Park W Apt 11X'],['New York'],['NY'],['10025'],"['$940,000']"
['Pre-foreclosure'],['E 87th St Apt 9B'],['New York'],['NY'],['10128'],"['$902,000']"
['Pre-foreclosure'],['5th Ave'],['New York'],['NY'],['10022'],"['$1,649,000']"
['Pre-foreclosure'],['E 65th St'],['New York'],['NY'],['10065'],"['$917,000']"
['Pre-foreclosure'],['West St Apt 42C'],['New York'],['NY'],['10004'],"['$2,219,000']"
['Pre-foreclosure'],['Hudson St'],['New York'],['NY'],['10014'],"['$2,282,000']"
['Pre-foreclosure'],['E 108th St Apt 2G'],['New York'],['NY'],['10029'],"['$867,000']"
['Pre-foreclosure'],['Great Jones St'],['New York'],['NY'],['10012'],"['$1,501,000']"
['Pre-foreclosure'],['W 3rd St'],['New York'],['NY'],['10012'],"['$1,383,000']"
['Pre-foreclosure'],['W 122nd St'],['New York'],['NY'],['10027'],"['$2,105,000']"
['Pre-foreclosure'],['5th Ave'],['New York'],['NY'],['10019'],['N/A']
['Pre-foreclosure'],['5th Ave Apt 25C'],['New York'],['NY'],['10016'],"['$760,000']"
['Pre-foreclosure'],['W 127th St'],['New York'],['NY'],['10027'],"['$1,954,000']"
['Pre-foreclosure'],['E 37th St Apt 10A'],['New York'],['NY'],['10016'],"['$981,000']"
['Pre-foreclosure'],['Malcolm X Blvd'],['New York'],['NY'],['10027'],"['$1,820,000']"
['Pre-foreclosure'],['W 122nd St'],['New York'],['NY'],['10027'],"['$1,440,000']"
['Pre-foreclosure'],['Beekman St'],['New York'],['NY'],['10038'],"['$1,965,000']"
['Pre-foreclosure'],['E 37th St Apt 19B'],['New York'],['NY'],['10016'],"['$761,000']"
['Pre-foreclosure'],['E 64th St'],['New York'],['NY'],['10065'],"['$722,000']"
['Pre-foreclosure'],['W 142nd St'],['New York'],['NY'],['10031'],"['$1,326,000']"
['Pre-foreclosure'],['W 42nd St Apt 2E'],['New York'],['NY'],['10036'],"['$842,000']"
['Pre-foreclosure'],['E 70th St Apt 8B'],['New York'],['NY'],['10021'],"['$763,000']"
['Pre-foreclosure'],['Pine St Apt 12S'],['New York'],['NY'],['10005'],"['$1,109,000']"
['Pre-foreclosure'],['11th Ave Apt 6B'],['New York'],['NY'],['10011'],"['$1,955,000']"
['Pre-foreclosure'],['W 148th St'],['New York'],['NY'],['10031'],"['$1,610,000']"
['Pre-foreclosure'],['5th Ave'],['New York'],['NY'],['10035'],"['$1,369,000']"
['Pre-foreclosure'],['Bowery Apt 2'],['New York'],['NY'],['10012'],"['$1,947,000']"
['Pre-foreclosure'],['3rd Ave'],['New York'],['NY'],['10029'],['N/A']
['Pre-foreclosure'],['W 122nd St Apt 3A'],['New York'],['NY'],['10027'],"['$515,000']"
['Pre-foreclosure'],['E 54th St Apt 5H'],['New York'],['NY'],['10022'],"['$790,000']"
['Pre-foreclosure'],['E 46th St Apt 2F'],['New York'],['NY'],['10017'],"['$474,000']"
['Pre-foreclosure'],['W 25th St'],['New York'],['NY'],['10001'],"['$1,576,000']"
['Pre-foreclosure'],['E 91st St'],['New York'],['NY'],['10128'],"['$1,965,000']"
['Pre-foreclosure'],['Saint Nicholas Ave'],['New York'],['NY'],['10032'],['N/A']
['Pre-foreclosure'],['W 159th St'],['New York'],['NY'],['10032'],"['$1,797,000']"
['Pre-foreclosure'],['Broad St Apt 802'],['New York'],['NY'],['10005'],"['$1,624,000']"
['Pre-foreclosure'],['W 119th St Apt 3'],['New York'],['NY'],['10026'],"['$1,404,000']"
['Pre-foreclosure'],['Thompson St'],['New York'],['NY'],['10012'],"['$1,797,000']"
['Pre-foreclosure'],['E 120th St Apt 1F'],['New York'],['NY'],['10035'],"['$685,000']"
['Pre-foreclosure'],['W 42nd St Apt 58E'],['New York'],['NY'],['10036'],"['$1,004,000']"
['Pre-foreclosure'],['Adam Clayton Powell Jr Blvd'],['New York'],['NY'],['10027'],"['$1,182,000']"
['Pre-foreclosure'],['W 112th St'],['New York'],['NY'],['10025'],"['$528,000']"
['Pre-foreclosure'],['Park Ave Apt 14K'],['New York'],['NY'],['10022'],"['$1,207,000']"
['Pre-foreclosure'],['E 76th St Apt 7B'],['New York'],['NY'],['10021'],"['$1,463,000']"
['Pre-foreclosure'],['W 19th St Apt 6E'],['New York'],['NY'],['10011'],"['$863,000']"
['Pre-foreclosure'],['E 40th St Apt 11F'],['New York'],['NY'],['10016'],"['$733,000']"
['Pre-foreclosure'],['E 131st St'],['New York'],['NY'],['10037'],"['$1,918,000']"
['Pre-foreclosure'],['E 53rd St Apt 6G'],['New York'],['NY'],['10022'],"['$929,000']"
['Pre-foreclosure'],['W 116th St PH A1210'],['New York'],['NY'],['10026'],"['$1,690,000']"
['Pre-foreclosure'],['E 79th St'],['New York'],['NY'],['10075'],"['$728,000']"
['Pre-foreclosure'],['E 72nd St Apt 31F'],['New York'],['NY'],['10021'],"['$750,000']"
['Pre-foreclosure'],['W 25th St'],['New York'],['NY'],['10001'],"['$1,438,000']"
['Pre-foreclosure'],['W 27th St Ste 401'],['New York'],['NY'],['10001'],"['$1,257,000']"
['Pre-foreclosure'],['Saint Nicholas Ave Apt 3H'],['New York'],['NY'],['10026'],"['$689,000']"
['Pre-foreclosure'],['E 87th St Apt E6H'],['New York'],['NY'],['10128'],"['$1,022,000']"
['Pre-foreclosure'],['E 64th St Apt 21L'],['New York'],['NY'],['10065'],"['$2,149,000']"
['Pre-foreclosure'],['W 129th St'],['New York'],['NY'],['10027'],"['$1,747,000']"
['Pre-foreclosure'],['W 132nd St'],['New York'],['NY'],['10027'],"['$1,588,000']"
['Pre-foreclosure'],['W 53rd St Apt 3H'],['New York'],['NY'],['10019'],"['$930,000']"
['Pre-foreclosure'],['Broad St Apt 2332'],['New York'],['NY'],['10005'],"['$1,261,000']"
['Pre-foreclosure'],['E 70th St'],['New York'],['NY'],['10021'],['N/A']
['Pre-foreclosure'],['W 139th St'],['New York'],['NY'],['10030'],"['$2,138,000']"
['Pre-foreclosure'],['W 139th St'],['New York'],['NY'],['10030'],"['$1,336,000']"
['Pre-foreclosure'],['W 139th St'],['New York'],['NY'],['10030'],"['$1,460,000']"
['Pre-foreclosure'],['W 55th St Apt 4D'],['New York'],['NY'],['10019'],"['$677,000']"
['Pre-foreclosure'],['E 84th St Apt 6D1'],['New York'],['NY'],['10028'],"['$1,605,000']"
['Pre-foreclosure'],['Riverside Blvd Apt 32A'],['New York'],['NY'],['10069'],"['$2,755,000']"
['Pre-foreclosure'],['3rd Ave Apt 17J'],['New York'],['NY'],['10128'],"['$882,000']"
['Pre-foreclosure'],['E 57th St Apt 6D'],['New York'],['NY'],['10022'],"['$1,856,000']"
['Pre-foreclosure'],['Mount Morris Park W'],['New York'],['NY'],['10027'],"['$2,245,000']"
['Pre-foreclosure'],['Rector Pl Apt 7O'],['New York'],['NY'],['10280'],"['$563,000']"
['Pre-foreclosure'],['E 106th St'],['New York'],['NY'],['10029'],"['$1,637,000']"
['Pre-foreclosure'],['W 169th St'],['New York'],['NY'],['10032'],"['$1,029,000']"
['Pre-foreclosure'],['E 47th St Apt 7H'],['New York'],['NY'],['10017'],"['$688,000']"
['Pre-foreclosure'],['E 36th St Ste 304'],['New York'],['NY'],['10016'],"['$796,000']"
['Pre-foreclosure'],['5th Ave'],['New York'],['NY'],['10022'],"['$2,297,000']"
['Pre-foreclosure'],['W 83rd St'],['New York'],['NY'],['10024'],"['$1,965,000']"
['Pre-foreclosure'],['Market St Apt 10A'],['New York'],['NY'],['10002'],"['$745,000']"
['Pre-foreclosure'],['E 117th St'],['New York'],['NY'],['10035'],['N/A']
['Pre-foreclosure'],['E 117th St Apt 6A'],['New York'],['NY'],['10035'],"['$696,000']"
['Pre-foreclosure'],['E 117th St Apt 5A'],['New York'],['NY'],['10035'],"['$755,000']"
['Pre-foreclosure'],['E 117th St Apt 4B'],['New York'],['NY'],['10035'],"['$607,000']"
['Pre-foreclosure'],['E 48th St Apt 6K'],['New York'],['NY'],['10017'],"['$484,000']"
['Pre-foreclosure'],['Norfolk St'],['New York'],['NY'],['10002'],['N/A']
['Pre-foreclosure'],['E 32nd St Apt 28B'],['New York'],['NY'],['10016'],"['$2,082,000']"
['Pre-foreclosure'],['E 84th St'],['New York'],['NY'],['10028'],"['$1,965,000']"
['Pre-foreclosure'],['W 46th St'],['New York'],['NY'],['10036'],"['$1,893,000']"
['Pre-foreclosure'],['W 42nd St Apt 57D'],['New York'],['NY'],['10036'],"['$1,766,000']"
['Pre-foreclosure'],['E 49th St Apt 2F'],['New York'],['NY'],['10017'],"['$1,421,000']"
['Pre-foreclosure'],['W 71st St'],['New York'],['NY'],['10023'],"['$648,000']"
['Pre-foreclosure'],['W 141st St'],['New York'],['NY'],['10031'],"['$1,375,000']"
['Pre-foreclosure'],['West St Apt 30B'],['New York'],['NY'],['10004'],"['$2,219,000']"
['Pre-foreclosure'],['Central Park W Apt 6K'],['New York'],['NY'],['10025'],"['$1,177,000']"
['Pre-foreclosure'],['Park Ave Apt 7B'],['New York'],['NY'],['10065'],"['$2,214,000']"
['Pre-foreclosure'],['E 30th St Apt 11H'],['New York'],['NY'],['10016'],"['$514,000']"
['Pre-foreclosure'],['W 83rd St Apt 9H'],['New York'],['NY'],['10024'],"['$1,407,000']"
['Pre-foreclosure'],['Wall St Apt 714'],['New York'],['NY'],['10005'],"['$650,000']"
['Pre-foreclosure'],['E 37th St Apt 14K'],['New York'],['NY'],['10016'],"['$752,000']"
['Pre-foreclosure'],['E 62nd St Apt 3D'],['New York'],['NY'],['10065'],"['$1,149,000']"
['Pre-foreclosure'],['E 56th St Apt 1B'],['New York'],['NY'],['10022'],['N/A']
['Pre-foreclosure'],['E 126th St'],['New York'],['NY'],['10035'],"['$1,416,000']"
['Pre-foreclosure'],['E 87th St'],['New York'],['NY'],['10128'],"['$794,000']"
['Pre-foreclosure'],['E 38th St Apt 9L'],['New York'],['NY'],['10016'],"['$1,050,000']"
['Pre-foreclosure'],['W End Ave Apt 5H'],['New York'],['NY'],['10023'],"['$1,938,000']"
['Pre-foreclosure'],['E 61st St'],['New York'],['NY'],['10065'],"['$2,057,000']"
['Pre-foreclosure'],['Riverside Blvd Apt 16B'],['New York'],['NY'],['10069'],"['$1,862,000']"
['Pre-foreclosure'],['W 138th St'],['New York'],['NY'],['10030'],"['$2,154,000']"
['Pre-foreclosure'],['Broadway'],['New York'],['NY'],['10001'],['N/A']
['Pre-foreclosure'],['W 147th St'],['New York'],['NY'],['10031'],"['$1,792,000']"
['Pre-foreclosure'],['E 61st St PH 3'],['New York'],['NY'],['10065'],"['$1,600,000']"
['Pre-foreclosure'],['Wall St Apt 712'],['New York'],['NY'],['10005'],"['$580,000']"
['Pre-foreclosure'],['John St Apt 7I'],['New York'],['NY'],['10038'],"['$1,195,000']"
['Pre-foreclosure'],['E 76th St Apt 21G'],['New York'],['NY'],['10021'],"['$1,154,000']"
['Pre-foreclosure'],['1st Ave'],['New York'],['NY'],['10022'],['N/A']
['Pre-foreclosure'],['Riverside Blvd Apt 10T'],['New York'],['NY'],['10069'],"['$1,386,000']"
['Pre-foreclosure'],['Broad St Apt 23H'],['New York'],['NY'],['10004'],"['$1,527,000']"
['Pre-foreclosure'],['W 11th St'],['New York'],['NY'],['10014'],"['$2,455,000']"
['Pre-foreclosure'],['W 94th St'],['New York'],['NY'],['10025'],"['$2,179,000']"
['Pre-foreclosure'],['5th Ave'],['New York'],['NY'],['10028'],"['$2,304,000']"
['Pre-foreclosure'],['E 64th St'],['New York'],['NY'],['10065'],"['$941,000']"
['Pre-foreclosure'],['E 34th St Apt 10C'],['New York'],['NY'],['10016'],"['$514,000']"
['Pre-foreclosure'],['W 122nd St'],['New York'],['NY'],['10027'],"['$2,269,000']"
['Pre-foreclosure'],['E 69th St'],['New York'],['NY'],['10021'],"['$1,333,000']"
['Pre-foreclosure'],['W 121st St'],['New York'],['NY'],['10027'],"['$2,014,000']"
['Pre-foreclosure'],['Central Park S'],['New York'],['NY'],['10019'],"['$1,012,000']"
['Pre-foreclosure'],['Greenwich St Apt 2F'],['New York'],['NY'],['10013'],"['$2,395,000']"
['Pre-foreclosure'],['West St Apt 22A'],['New York'],['NY'],['10004'],"['$2,219,000']"
['Pre-foreclosure'],['W 132nd St'],['New York'],['NY'],['10037'],"['$1,011,000']"
['Pre-foreclosure'],['Central Park S'],['New York'],['NY'],['10019'],"['$1,610,000']"
['Pre-foreclosure'],['W 53rd St'],['New York'],['NY'],['10019'],"['$1,861,000']"
['Pre-foreclosure'],['W 46th St Apt 3804'],['New York'],['NY'],['10036'],"['$1,362,000']"
['Pre-foreclosure'],['Park Ave Apt 9D'],['New York'],['NY'],['10065'],"['$903,000']"
['Pre-foreclosure'],['Park Ave Apt 9C'],['New York'],['NY'],['10065'],"['$2,482,000']"
['Pre-foreclosure'],['W 26th St'],['New York'],['NY'],['10001'],"['$1,151,000']"
['Pre-foreclosure'],['E 119th St'],['New York'],['NY'],['10035'],"['$2,276,000']"
['Pre-foreclosure'],['Adam C Powell Blvd'],['New York'],['NY'],['10039'],"['$1,329,000']"
['Pre-foreclosure'],['Adam C Powell Blvd'],['New York'],['NY'],['10039'],"['$1,301,000']"
['Pre-foreclosure'],['W 89th St Apt 6F'],['New York'],['NY'],['10024'],"['$2,090,000']"
['Pre-foreclosure'],['W 167th St'],['New York'],['NY'],['10032'],"['$1,427,000']"
['Pre-foreclosure'],['W 161st St'],['New York'],['NY'],['10032'],"['$1,484,000']"
['Pre-foreclosure'],['Greenwich St'],['New York'],['NY'],['10013'],"['$2,693,000']"
['Pre-foreclosure'],['W 72nd St'],['New York'],['NY'],['10023'],['N/A']
['Pre-foreclosure'],['W 147th St'],['New York'],['NY'],['10031'],"['$1,656,000']"
['Pre-foreclosure'],['Central Park W Apt 6X'],['New York'],['NY'],['10025'],"['$1,044,000']"
['Pre-foreclosure'],['Chambers St Apt 5J'],['New York'],['NY'],['10007'],"['$1,062,000']"
['Pre-foreclosure'],['W 128th St'],['New York'],['NY'],['10027'],"['$526,000']"
['Pre-foreclosure'],['E 120th St'],['New York'],['NY'],['10035'],"['$1,861,000']"
['Pre-foreclosure'],['W 115th St Apt 8B'],['New York'],['NY'],['10026'],"['$1,565,000']"
['Pre-foreclosure'],['E 57th St Apt 26F'],['New York'],['NY'],['10022'],"['$582,000']"
['Pre-foreclosure'],['Irving Pl Apt P14B'],['New York'],['NY'],['10003'],"['$1,303,000']"
['Pre-foreclosure'],['Broadway Apt 20D'],['New York'],['NY'],['10019'],"['$981,000']"
['Pre-foreclosure'],['Horatio St'],['New York'],['NY'],['10014'],"['$1,763,000']"
['Pre-foreclosure'],['Horatio St'],['New York'],['NY'],['10014'],"['$1,763,000']"
['Pre-foreclosure'],['5th Ave'],['New York'],['NY'],['10016'],"['$1,259,000']"
['Pre-foreclosure'],['Chambers St Apt 3L'],['New York'],['NY'],['10007'],"['$940,000']"
['Pre-foreclosure'],['W 129th St'],['New York'],['NY'],['10027'],"['$1,657,000']"
['Pre-foreclosure'],['E 60th St Apt 10F'],['New York'],['NY'],['10022'],"['$509,000']"
['Pre-foreclosure'],['Chambers St Apt 7N'],['New York'],['NY'],['10007'],"['$940,000']"
['Pre-foreclosure'],['Central Park W Apt 5T'],['New York'],['NY'],['10025'],"['$718,000']"
['Pre-foreclosure'],['3rd Ave Apt 25E'],['New York'],['NY'],['10128'],"['$509,000']"
['Pre-foreclosure'],['E 24th St Apt 4E'],['New York'],['NY'],['10010'],"['$819,000']"
['Pre-foreclosure'],['W 42nd St Apt 38H'],['New York'],['NY'],['10036'],"['$1,077,000']"
['Pre-foreclosure'],['E 79th St'],['New York'],['NY'],['10075'],['N/A']
['Pre-foreclosure'],['1st Ave Apt 15N'],['New York'],['NY'],['10016'],"['$1,082,000']"
['Pre-foreclosure'],['W 89th St Apt 12D'],['New York'],['NY'],['10024'],"['$2,156,000']"
['Pre-foreclosure'],['W 132nd St'],['New York'],['NY'],['10037'],"['$1,382,000']"
['Pre-foreclosure'],['E 54th St Apt 11F'],['New York'],['NY'],['10022'],"['$479,000']"
['Pre-foreclosure'],['W 131st St'],['New York'],['NY'],['10027'],"['$2,116,000']"
['Pre-foreclosure'],['W 57th St Apt 8C'],['New York'],['NY'],['10019'],"['$2,045,000']"
['Pre-foreclosure'],['E 55th St Apt 20B'],['New York'],['NY'],['10022'],"['$640,000']"
['Pre-foreclosure'],['7th Ave Apt 12W'],['New York'],['NY'],['10001'],"['$2,097,000']"
['Pre-foreclosure'],['Saint Nicholas Ave Apt 2G'],['New York'],['NY'],['10026'],"['$696,000']"
['Pre-foreclosure'],['W 119th St'],['New York'],['NY'],['10026'],"['$1,816,000']"
['Pre-foreclosure'],['Greenwich St'],['New York'],['NY'],['10006'],['N/A']
['Pre-foreclosure'],['5th Ave Apt 33C'],['New York'],['NY'],['10022'],"['$1,744,000']"
['Pre-foreclosure'],['W 48th St'],['New York'],['NY'],['10036'],['N/A']
['Pre-foreclosure'],['Broadway Apt 12C'],['New York'],['NY'],['10023'],"['$851,000']"
['Pre-foreclosure'],['Amsterdam Ave'],['New York'],['NY'],['10032'],"['$1,065,000']"
['Pre-foreclosure'],['5th Ave Apt 18E'],['New York'],['NY'],['10035'],"['$1,082,000']"
['Pre-foreclosure'],['West St'],['New York'],['NY'],['10004'],"['$2,219,000']"
['Pre-foreclosure'],['W 22nd St Apt 3'],['New York'],['NY'],['10011'],"['$1,601,000']"
['Pre-foreclosure'],['Edgecombe Ave'],['New York'],['NY'],['10030'],"['$1,580,000']"
['Pre-foreclosure'],['W 120th St'],['New York'],['NY'],['10027'],"['$2,226,000']"
['Pre-foreclosure'],['E 65th St Apt 18L'],['New York'],['NY'],['10065'],"['$1,647,000']"
['Pre-foreclosure'],['3rd Ave Apt 36E'],['New York'],['NY'],['10128'],"['$496,000']"
['Pre-foreclosure'],['West St Apt 19J'],['New York'],['NY'],['10004'],"['$2,219,000']"
['Pre-foreclosure'],['E 34th St Apt 14J'],['New York'],['NY'],['10016'],"['$763,000']"
['Pre-foreclosure'],['Frederick Douglass Blvd Apt 2H'],['New York'],['NY'],['10030'],"['$595,000']"
['Pre-foreclosure'],['Hamilton Ter'],['New York'],['NY'],['10031'],"['$1,656,000']"
['Pre-foreclosure'],['W 138th St'],['New York'],['NY'],['10030'],"['$2,363,000']"
['Pre-foreclosure'],['W 137th St'],['New York'],['NY'],['10030'],"['$1,950,000']"
['Pre-foreclosure'],['E 12th St'],['New York'],['NY'],['10003'],"['$1,477,000']"
['Pre-foreclosure'],['E 12th St'],['New York'],['NY'],['10003'],"['$1,378,000']"
['Pre-foreclosure'],['W 23rd St Apt 6J'],['New York'],['NY'],['10011'],"['$639,000']"
['Pre-foreclosure'],['E 33rd St Apt 20G'],['New York'],['NY'],['10016'],"['$540,000']"
['Pre-foreclosure'],['E 6th St'],['New York'],['NY'],['10003'],"['$1,413,000']"
['Pre-foreclosure'],['E 5th St'],['New York'],['NY'],['10003'],"['$1,434,000']"
['Pre-foreclosure'],['E 5th St'],['New York'],['NY'],['10003'],"['$1,429,000']"
['Pre-foreclosure'],['W 117th St'],['New York'],['NY'],['10026'],"['$1,425,000']"
['Pre-foreclosure'],['E 7th St'],['New York'],['NY'],['10003'],"['$2,322,000']"
['Pre-foreclosure'],['E 12th St'],['New York'],['NY'],['10009'],"['$1,578,000']"
['Pre-foreclosure'],['E 10th St'],['New York'],['NY'],['10009'],"['$1,076,000']"
['Pre-foreclosure'],['E 5th St'],['New York'],['NY'],['10003'],"['$1,309,000']"
['Pre-foreclosure'],['E 5th St'],['New York'],['NY'],['10003'],"['$1,467,000']"
['Pre-foreclosure'],['E 12th St'],['New York'],['NY'],['10009'],"['$1,639,000']"
['Pre-foreclosure'],['E 5th St'],['New York'],['NY'],['10003'],"['$1,466,000']"
['Pre-foreclosure'],['Frederick Douglass Blvd Apt 4C'],['New York'],['NY'],['10030'],"['$669,000']"
['Pre-foreclosure'],['E 72nd St'],['New York'],['NY'],['10021'],"['$2,079,000']"
['Pre-foreclosure'],['Reade St Ofc A'],['New York'],['NY'],['10013'],"['$2,053,000']"
['Pre-foreclosure'],['7th Ave Apt 7R'],['New York'],['NY'],['10011'],"['$794,000']"
['Pre-foreclosure'],['W 58th St Apt 1C'],['New York'],['NY'],['10019'],['N/A']
['Pre-foreclosure'],['W 145th St'],['New York'],['NY'],['10031'],"['$2,024,000']"
['Pre-foreclosure'],['Jane St'],['New York'],['NY'],['10014'],"['$2,236,000']"
['Pre-foreclosure'],['E 87th St Apt P4A'],['New York'],['NY'],['10128'],"['$2,541,000']"
['Pre-foreclosure'],['Riverside Blvd Apt 12M'],['New York'],['NY'],['10069'],"['$2,159,000']"
['Pre-foreclosure'],['W 187th St'],['New York'],['NY'],['10033'],"['$2,509,000']"
['Pre-foreclosure'],['Greenwich St'],['New York'],['NY'],['10014'],"['$2,565,000']"
['Pre-foreclosure'],['E 76th St'],['New York'],['NY'],['10021'],"['$1,793,000']"
['Pre-foreclosure'],['W End Ave Apt 23C'],['New York'],['NY'],['10023'],"['$1,922,000']"
['Pre-foreclosure'],['E 6th St Apt 6D'],['New York'],['NY'],['10009'],"['$1,843,000']"
['Pre-foreclosure'],['E 12th St Apt 4C'],['New York'],['NY'],['10003'],"['$1,194,000']"
['Pre-foreclosure'],['W 42nd St Apt 24F'],['New York'],['NY'],['10036'],"['$1,592,000']"
['Pre-foreclosure'],['W 133rd St'],['New York'],['NY'],['10030'],"['$583,000']"
['Pre-foreclosure'],['Riverside Blvd Apt 12M'],['New York'],['NY'],['10069'],"['$1,021,000']"
['Pre-foreclosure'],['W 131st St'],['New York'],['NY'],['10037'],"['$847,000']"
['Pre-foreclosure'],['W 129th St'],['New York'],['NY'],['10027'],"['$1,738,000']"
['Pre-foreclosure'],['W 110th St Apt 11K'],['New York'],['NY'],['10026'],"['$596,000']"
['Pre-foreclosure'],['5th Ave Apt 2D'],['New York'],['NY'],['10010'],"['$1,682,000']"
['Pre-foreclosure'],['W 118th St'],['New York'],['NY'],['10026'],['N/A']
['Pre-foreclosure'],['E 49th St'],['New York'],['NY'],['10017'],"['$1,479,000']"
['Pre-foreclosure'],['Woodland Dr'],['North Sea'],['NY'],['10001'],['N/A']
['Pre-foreclosure'],['W 121st St'],['New York'],['NY'],['10027'],"['$2,254,000']"
['Pre-foreclosure'],['5th Ave Apt 6E'],['New York'],['NY'],['10010'],"['$1,996,000']"
['Pre-foreclosure'],['St Nicholas Ave'],['New York'],['NY'],['10026'],['N/A']
['Pre-foreclosure'],['W 138th St'],['New York'],['NY'],['10030'],"['$1,567,000']"
['Pre-foreclosure'],['E 49th St'],['New York'],['NY'],['10017'],['N/A']
['Pre-foreclosure'],['W 122nd St'],['New York'],['NY'],['10027'],['N/A']
['Pre-foreclosure'],['Manhattan Ave'],['New York'],['NY'],['10025'],"['$788,000']"
['Pre-foreclosure'],['W 135th St Apt 11D'],['New York'],['NY'],['10030'],"['$732,000']"
['Pre-foreclosure'],['Barrow St'],['New York'],['NY'],['10014'],['N/A']
['Pre-foreclosure'],['Bethune St'],['New York'],['NY'],['10014'],"['$2,263,000']"
['Pre-foreclosure'],['W 78th St'],['New York'],['NY'],['10024'],"['$1,423,000']"
['Pre-foreclosure'],['West 57th Street'],['New York'],['NY'],['10019'],['N/A']
['Pre-foreclosure'],['W 50th St'],['New York'],['NY'],['10019'],['N/A']
['Pre-foreclosure'],['9th Ave Apt 9A'],['New York'],['NY'],['10001'],"['$1,810,000']"
['Pre-foreclosure'],['Centre St'],['New York'],['NY'],['10007'],"['$91,278']"
['Pre-foreclosure'],['Rector Pl Apt 31M'],['New York'],['NY'],['10280'],"['$552,000']"
['Pre-foreclosure'],['Pine St'],['New York'],['NY'],['10005'],"['$703,000']"
['Pre-foreclosure'],['E 34th St Apt 19H'],['New York'],['NY'],['10016'],"['$571,000']"
['Pre-foreclosure'],['Park Ave S Apt 3I'],['New York'],['NY'],['10010'],"['$2,080,000']"
['Pre-foreclosure'],['Broadway Apt 7E'],['New York'],['NY'],['10019'],"['$986,000']"
['Pre-foreclosure'],['Broadway Apt 21G'],['New York'],['NY'],['10019'],"['$1,475,000']"
['Pre-foreclosure'],['W 50th St'],['New York'],['NY'],['10019'],"['$808,000']"
['Pre-foreclosure'],['E 69th St Apt 19B'],['New York'],['NY'],['10021'],"['$1,567,000']"
['Pre-foreclosure'],['W 187th St'],['New York'],['NY'],['10033'],"['$1,056,000']"
['Pre-foreclosure'],['Chambers St Apt 3N'],['New York'],['NY'],['10007'],"['$940,000']"
['Pre-foreclosure'],['Adam C Powell Blvd'],['New York'],['NY'],['10027'],['N/A']
['Pre-foreclosure'],['W 136th St'],['New York'],['NY'],['10030'],"['$1,860,000']"
['Pre-foreclosure'],['E 58th St Apt 16H'],['New York'],['NY'],['10022'],"['$1,200,000']"
['Pre-foreclosure'],['Central Park S'],['New York'],['NY'],['10019'],"['$1,118,000']"
['Pre-foreclosure'],['W 123rd St'],['New York'],['NY'],['10027'],"['$1,765,000']"
['Pre-foreclosure'],['W 81st St'],['New York'],['NY'],['10024'],['N/A']
['Pre-foreclosure'],['Wall St Apt 735'],['New York'],['NY'],['10005'],"['$574,000']"
['Pre-foreclosure'],['W 119th St'],['New York'],['NY'],['10026'],"['$2,035,000']"
['Pre-foreclosure'],['W 50th St'],['New York'],['NY'],['10019'],['N/A']
['Pre-foreclosure'],['W 133rd St'],['New York'],['NY'],['10030'],"['$1,869,000']"
['Pre-foreclosure'],['Pleasant Ave'],['New York'],['NY'],['10035'],"['$1,890,000']"
['Pre-foreclosure'],['W 63rd St'],['New York'],['NY'],['10023'],"['$1,365,000']"
['Pre-foreclosure'],['E 115th St'],['New York'],['NY'],['10029'],['N/A']
['Pre-foreclosure'],['Riverside Blvd Apt 7T'],['New York'],['NY'],['10069'],"['$1,092,000']"
['Pre-foreclosure'],['W 3rd St'],['New York'],['NY'],['10012'],['N/A']
['Pre-foreclosure'],['E 72nd St Apt 29D'],['New York'],['NY'],['10021'],"['$1,586,000']"
['Pre-foreclosure'],['W 15th St'],['New York'],['NY'],['10011'],"['$2,283,000']"
['Pre-foreclosure'],['W Broadway'],['New York'],['NY'],['10013'],"['$2,304,000']"
['Pre-foreclosure'],['Rivington St Apt 8B'],['New York'],['NY'],['10002'],"['$796,000']"
['Pre-foreclosure'],['E 78th St Apt 15A'],['New York'],['NY'],['10075'],"['$1,107,000']"
['Pre-foreclosure'],['Rector Pl Apt 8S'],['New York'],['NY'],['10280'],"['$881,000']"
['Pre-foreclosure'],['Canal St'],['New York'],['NY'],['10002'],"['$924,000']"
['Pre-foreclosure'],['E 10th St'],['New York'],['NY'],['10009'],['N/A']
['Pre-foreclosure'],['W End Ave Apt 5C'],['New York'],['NY'],['10025'],"['$1,673,000']"
['Pre-foreclosure'],['W 137th St'],['New York'],['NY'],['10030'],"['$1,883,000']"
['Pre-foreclosure'],['E 78th St'],['New York'],['NY'],['10075'],"['$870,000']"
['Pre-foreclosure'],['E 78th St'],['New York'],['NY'],['10075'],"['$639,000']"
['Pre-foreclosure'],['Madison Ave'],['New York'],['NY'],['10035'],"['$709,000']"
['Pre-foreclosure'],['E 52nd St'],['New York'],['NY'],['10022'],"['$450,000']"
['Pre-foreclosure'],['A C Powell Blvd'],['New York'],['NY'],['10026'],['N/A']
['Pre-foreclosure'],['E 67th St'],['New York'],['NY'],['10065'],"['$1,950,000']"
['Pre-foreclosure'],['John St'],['New York'],['NY'],['10038'],['N/A']
['Pre-foreclosure'],['E 85th St'],['New York'],['NY'],['10028'],"['$1,737,000']"
['Pre-foreclosure'],['W 55th St'],['New York'],['NY'],['10019'],['N/A']
['Pre-foreclosure'],['Riverside Blvd'],['New York'],['NY'],['10069'],"['$1,255,000']"
['Pre-foreclosure'],['Riverside Blvd'],['New York'],['NY'],['10069'],['N/A']
['Pre-foreclosure'],['Convent Ave'],['New York'],['NY'],['10031'],"['$1,674,000']"
['Pre-foreclosure'],['Central Park W'],['New York'],['NY'],['10025'],"['$811,000']"
['Pre-foreclosure'],['E 25th St'],['New York'],['NY'],['10010'],"['$1,634,000']"
['Pre-foreclosure'],['Little West St'],['New York'],['NY'],['10280'],['N/A']
['Pre-foreclosure'],['E 19th St'],['New York'],['NY'],['10003'],"['$646,000']"
['Pre-foreclosure'],['E 60th St'],['New York'],['NY'],['10022'],['N/A']
['Pre-foreclosure'],['E 77th St Apt 9C'],['New York'],['NY'],['10075'],"['$1,210,000']"
['Pre-foreclosure'],['E 79th St'],['New York'],['NY'],['10075'],['N/A']
['Pre-foreclosure'],['Rector Pl Apt 7P'],['New York'],['NY'],['10280'],"['$563,000']"
['Pre-foreclosure'],['E 38th St Apt 38O'],['New York'],['NY'],['10016'],"['$650,000']"
['Pre-foreclosure'],['E 47th St'],['New York'],['NY'],['10017'],"['$920,000']"
['Pre-foreclosure'],['Central Park W Apt 18Y'],['New York'],['NY'],['10025'],"['$753,000']"
['Pre-foreclosure'],['E 30th St Apt 6M'],['New York'],['NY'],['10016'],"['$724,000']"
['Pre-foreclosure'],['W 42nd St Apt 14L'],['New York'],['NY'],['10036'],"['$824,000']"
['Pre-foreclosure'],['E 60th St'],['New York'],['NY'],['10022'],"['$744,000']"
['Pre-foreclosure'],['Spring St'],['New York'],['NY'],['10012'],['N/A']
['Pre-foreclosure'],['W 57th St Apt 9E'],['New York'],['NY'],['10019'],"['$650,000']"
['Pre-foreclosure'],['3rd Ave Apt 20A'],['New York'],['NY'],['10128'],"['$1,522,000']"
['Pre-foreclosure'],['W 115th St'],['New York'],['NY'],['10026'],"['$1,842,000']"
['Pre-foreclosure'],['Beach Rd'],['Hampton Bays'],['NY'],['10017'],['N/A']
['Pre-foreclosure'],['Ocean Walk'],['SAYVILLE'],['NY'],['10021'],"['$616,000']"
['Pre-foreclosure'],['Mount Morris Park W'],['New York'],['NY'],['10027'],"['$807,000']"
['Pre-foreclosure'],['W 32nd St'],['New York'],['NY'],['10001'],"['$1,332,000']"
['Pre-foreclosure'],['3rd Ave Apt 25C'],['New York'],['NY'],['10028'],"['$1,133,000']"
['Pre-foreclosure'],['E 83rd St Apt 9B'],['New York'],['NY'],['10028'],"['$1,619,000']"
['Pre-foreclosure'],['E 22nd St'],['New York'],['NY'],['10010'],"['$1,603,000']"
['Pre-foreclosure'],['E 66th St'],['New York'],['NY'],['10065'],"['$822,000']"
['Pre-foreclosure'],['Pine St'],['New York'],['NY'],['10005'],['N/A']
['Pre-foreclosure'],['W 135th St Apt 4L'],['New York'],['NY'],['10030'],"['$626,000']"
['Pre-foreclosure'],['Bowery'],['New York'],['NY'],['10012'],"['$1,605,000']"
['Pre-foreclosure'],['Fredrick Douglass Bl'],['NEW YORK'],['NY'],['10026'],['N/A']
['Pre-foreclosure'],['3rd Ave Apt 13H'],['New York'],['NY'],['10128'],"['$1,252,000']"
['Pre-foreclosure'],['W 23rd St Apt 6S'],['New York'],['NY'],['10011'],"['$825,000']"
['Pre-foreclosure'],['E 1st St'],['New York'],['NY'],['10003'],['N/A']
['Pre-foreclosure'],['St Nicholas Ave'],['New York'],['NY'],['10026'],['N/A']
['Pre-foreclosure'],['Bradhurst Ave Apt 8D'],['New York'],['NY'],['10039'],"['$853,000']"
['Pre-foreclosure'],['PARK PLACE'],[],[],[],"['$397,200']"
['Pre-foreclosure'],['WEST 56th STREET'],['CLINTON'],['NY'],['10019'],['N/A']
['Pre-foreclosure'],['W 118th St'],['New York'],['NY'],['10026'],"['$1,419,000']"
['Pre-foreclosure'],['W 125th St'],['New York'],['NY'],['10027'],"['$1,906,000']"
['Pre-foreclosure'],['E 131st St Apt 3B'],['New York'],['NY'],['10037'],"['$589,000']"
['Pre-foreclosure'],['Central Park W Apt 6J'],['New York'],['NY'],['10025'],"['$972,000']"
['Pre-foreclosure'],['E 46th St Apt 10E'],['New York'],['NY'],['10017'],"['$491,000']"
['Pre-foreclosure'],['Beekman St Apt 5B'],['New York'],['NY'],['10038'],"['$1,546,000']"
['Pre-foreclosure'],['W 140th St'],['New York'],['NY'],['10031'],"['$1,809,000']"
['Pre-foreclosure'],['IRVING PLACE'],['GRAMERCY'],['NY'],['10003'],['N/A']
['Pre-foreclosure'],['IRVING PLACE'],['GRAMERCY'],['NY'],['10003'],['N/A']
['Pre-foreclosure'],['W 126th St'],['New York'],['NY'],['10027'],"['$1,824,000']"
['Pre-foreclosure'],['E 37th St'],['New York'],['NY'],['10016'],"['$1,965,000']"
['Pre-foreclosure'],['W 161st St'],['New York'],['NY'],['10032'],"['$2,155,000']"
['Pre-foreclosure'],['W 96th St'],['New York'],['NY'],['10025'],['N/A']
['Pre-foreclosure'],['E 62nd St Apt 1A'],['New York'],['NY'],['10065'],"['$569,000']"
['Pre-foreclosure'],['E 85th St'],['New York'],['NY'],['10028'],['N/A']
['Pre-foreclosure'],['Hamilton Ter'],['New York'],['NY'],['10031'],"['$1,744,000']"
['Pre-foreclosure'],['W 149th St'],['New York'],['NY'],['10031'],"['$1,699,000']"
['Pre-foreclosure'],['W 50th St Apt 30E'],['New York'],['NY'],['10019'],"['$1,413,000']"
['Pre-foreclosure'],['W 136th St'],['New York'],['NY'],['10030'],"['$1,681,000']"
['Pre-foreclosure'],['3rd Ave Apt 29F'],['New York'],['NY'],['10128'],"['$1,213,000']"
['Pre-foreclosure'],['E 22nd St Apt 4M'],['New York'],['NY'],['10010'],"['$892,000']"
['Pre-foreclosure'],['W 122nd St'],['New York'],['NY'],['10027'],"['$1,679,000']"
['Pre-foreclosure'],['S End Ave Apt 432'],['New York'],['NY'],['10280'],"['$530,000']"
['Pre-foreclosure'],['W 66th St'],['New York'],['NY'],['10023'],['N/A']
['Pre-foreclosure'],['W 90th St'],['New York'],['NY'],['10024'],['N/A']
['Pre-foreclosure'],['2nd Ave'],['New York'],['NY'],['10029'],['N/A']
['Pre-foreclosure'],['Broadway'],['New York'],['NY'],['10023'],['N/A']
['Pre-foreclosure'],['W 117th St'],['New York'],['NY'],['10026'],"['$2,156,000']"
['Pre-foreclosure'],['W 136th St'],['New York'],['NY'],['10030'],"['$1,911,000']"
['Pre-foreclosure'],['Broadway'],['New York'],['NY'],['10023'],['N/A']
['Pre-foreclosure'],['E 25th St'],['New York'],['NY'],['10010'],['N/A']
['Pre-foreclosure'],['Saint Nicholas Ave'],['New York'],['NY'],['10031'],['N/A']
['Pre-foreclosure'],['W 66th St'],['New York'],['NY'],['10023'],['N/A']
['Pre-foreclosure'],['Cooper St'],['New York'],['NY'],['10034'],"['$236,000']"
['Pre-foreclosure'],['E 47th St'],['New York'],['NY'],['10017'],['N/A']
['Pre-foreclosure'],['Fredrick Douglass'],['New York'],['NY'],['10030'],['N/A']
['Pre-foreclosure'],['Park Ave'],['New York'],['NY'],['10016'],['N/A']
['Pre-foreclosure'],['W 122nd St'],['New York'],['NY'],['10027'],"['$2,020,000']"
['Pre-foreclosure'],['W 49th St'],['New York'],['NY'],['10019'],['N/A']
['Pre-foreclosure'],['S End Ave PH 2J'],['New York'],['NY'],['10280'],"['$770,000']"
['Pre-foreclosure'],['E 49th St'],['New York'],['NY'],['10017'],['N/A']
['Pre-foreclosure'],['E 43rd St Apt 9A'],['New York'],['NY'],['10017'],"['$1,534,000']"
['Pre-foreclosure'],['Chambers St Apt 2B'],['New York'],['NY'],['10007'],"['$2,237,000']"
['Pre-foreclosure'],['W 135th St Apt 12B'],['New York'],['NY'],['10030'],"['$1,031,000']"
['Pre-foreclosure'],['Barrow St'],['New York'],['NY'],['10014'],['N/A']
['Pre-foreclosure'],['Bowery Apt 8'],['New York'],['NY'],['10002'],"['$2,171,000']"
['Pre-foreclosure'],['Broadway'],['New York'],['NY'],['10023'],['N/A']
['Pre-foreclosure'],['Broadway'],['New York'],['NY'],['10023'],['N/A']
['Pre-foreclosure'],['W 67th St'],['New York'],['NY'],['10023'],['N/A']
['Pre-foreclosure'],['W 32nd St'],['New York'],['NY'],['10001'],['N/A']
['Pre-foreclosure'],['Prince St'],['New York'],['NY'],['10012'],"['$1,260,000']"
['Pre-foreclosure'],['E 38th St Apt 33K'],['New York'],['NY'],['10016'],"['$1,237,000']"
['Pre-foreclosure'],['W 137th St'],['New York'],['NY'],['10030'],['N/A']
['Pre-foreclosure'],['Edgecombe Ave'],['New York'],['NY'],['10030'],"['$1,790,000']"
['Pre-foreclosure'],['West St Apt 11J'],['New York'],['NY'],['10004'],"['$2,219,000']"
['Pre-foreclosure'],['West St'],['New York'],['NY'],['10004'],['N/A']
['Pre-foreclosure'],['Lexington Ave'],['New York'],['NY'],['10065'],['N/A']
['Pre-foreclosure'],['W 128th St'],['New York'],['NY'],['10027'],"['$2,210,000']"
['Pre-foreclosure'],['E 34th St'],['New York'],['NY'],['10016'],['N/A']
['Pre-foreclosure'],['Central Park W Apt 10N'],['New York'],['NY'],['10023'],"['$1,828,000']"
['Pre-foreclosure'],['W 49th St'],['New York'],['NY'],['10019'],['N/A']
['Pre-foreclosure'],['E 64th St'],['New York'],['NY'],['10065'],['N/A']
['Pre-foreclosure'],['8th Ave'],['New York'],['NY'],['10036'],['N/A']
['Pre-foreclosure'],['W 118th St'],['New York'],['NY'],['10026'],"['$2,242,000']"
['Pre-foreclosure'],['Central Park W'],['New York'],['NY'],['10023'],['N/A']
['Pre-foreclosure'],['Academy St'],['New York'],['NY'],['10034'],['N/A']
['Pre-foreclosure'],['W 122nd St'],['New York'],['NY'],['10027'],"['$1,997,000']"
['Pre-foreclosure'],['E 46th St Apt 3A'],['New York'],['NY'],['10017'],"['$482,000']"
['Pre-foreclosure'],['E 48th St'],['New York'],['NY'],['10017'],"['$820,000']"
['Pre-foreclosure'],['W 145th St'],['New York'],['NY'],['10031'],"['$2,055,000']"
['Pre-foreclosure'],['Columbus Ave Apt 7A'],['New York'],['NY'],['10023'],"['$2,192,000']"
['Pre-foreclosure'],['Prince St Apt 7A'],['New York'],['NY'],['10012'],"['$1,935,000']"
['Pre-foreclosure'],['W 134th St Apt 5B'],['New York'],['NY'],['10030'],"['$572,000']"
['Pre-foreclosure'],['Academy St'],['New York'],['NY'],['10034'],"['$342,000']"
['Pre-foreclosure'],['W 42nd St Apt 15J'],['New York'],['NY'],['10036'],"['$766,000']"
['Pre-foreclosure'],['Malcolm X Blvd'],['New York'],['NY'],['10027'],['N/A']
['Pre-foreclosure'],['E 64th St'],['New York'],['NY'],['10065'],['N/A']
['Pre-foreclosure'],['W 45th St'],['New York'],['NY'],['10036'],['N/A']
['Pre-foreclosure'],['W 55th St'],['New York'],['NY'],['10019'],['N/A']
['Pre-foreclosure'],['Central Park W Apt 17B'],['New York'],['NY'],['10025'],"['$1,603,000']"
['Pre-foreclosure'],['W 42nd St Apt 23D'],['New York'],['NY'],['10036'],"['$1,574,000']"
['Pre-foreclosure'],['River Ter'],['New York'],['NY'],['10282'],['N/A']
['Pre-foreclosure'],['E 76th St'],['New York'],['NY'],['10021'],['N/A']
['Pre-foreclosure'],['Straight Path'],['North Sea'],['NY'],['10028'],"['$715,000']"
['Pre-foreclosure'],['W 69th St'],['New York'],['NY'],['10023'],['N/A']
['Pre-foreclosure'],['W 162nd St'],['New York'],['NY'],['10032'],"['$1,593,000']"
['Pre-foreclosure'],['E Broadway'],['New York'],['NY'],['10002'],"['$1,393,000']"
['Pre-foreclosure'],['W 135th St'],['New York'],['NY'],['10030'],['N/A']
['Pre-foreclosure'],['Malcolm X Blvd'],['New York'],['NY'],['10027'],['N/A']
['Pre-foreclosure'],['W 38th St'],['New York'],['NY'],['10018'],['N/A']
['Pre-foreclosure'],['W 13th St'],['New York'],['NY'],['10011'],"['$2,151,000']"
['Pre-foreclosure'],['Saint Nicholas Ave'],['New York'],['NY'],['10032'],['N/A']
['Pre-foreclosure'],['Charles St'],['New York'],['NY'],['10014'],['N/A']
['Pre-foreclosure'],['West St Apt 21L'],['New York'],['NY'],['10004'],"['$2,219,000']"
['Pre-foreclosure'],['E 70th St'],['New York'],['NY'],['10021'],['N/A']
['Pre-foreclosure'],['Broadway Apt 8E'],['New York'],['NY'],['10019'],"['$986,000']"
['Pre-foreclosure'],['Water Mill Towd Rd'],['North Sea'],['NY'],['10016'],"['$1,320,000']"
['Pre-foreclosure'],['Frederick Douglass Blvd'],['New York'],['NY'],['10030'],['N/A']
['Pre-foreclosure'],['E 128th St'],['New York'],['NY'],['10035'],"['$1,369,000']"
['Pre-foreclosure'],['Rector Pl Apt 17E'],['New York'],['NY'],['10280'],"['$698,000']"
['Pre-foreclosure'],['Central Park W Apt 5V'],['New York'],['NY'],['10023'],"['$1,038,000']"
['Pre-foreclosure'],['W 166th St'],['New York'],['NY'],['10032'],"['$1,487,000']"
['Pre-foreclosure'],['E 82nd St'],['New York'],['NY'],['10028'],"['$1,313,000']"
['Pre-foreclosure'],['Central Park W Apt 18X'],['New York'],['NY'],['10025'],"['$846,000']"
['Pre-foreclosure'],['Greene St'],['New York'],['NY'],['10012'],"['$1,510,000']"
['Pre-foreclosure'],['Greene St'],['New York'],['NY'],['10012'],"['$1,532,000']"
['Pre-foreclosure'],['W 154th St'],['New York'],['NY'],['10032'],"['$1,765,000']"
['Pre-foreclosure'],['Convent Ave'],['New York'],['NY'],['10031'],"['$1,789,000']"
['Pre-foreclosure'],['W 42nd St Apt 34E'],['New York'],['NY'],['10036'],"['$1,004,000']"
['Pre-foreclosure'],['Sutton Pl'],['New York'],['NY'],['10022'],['N/A']
['Pre-foreclosure'],['W 89th St'],['New York'],['NY'],['10024'],"['$2,232,000']"
['Pre-foreclosure'],['Wall St Apt 622'],['New York'],['NY'],['10005'],"['$939,000']"
['Pre-foreclosure'],['Saint Nicholas Ave'],['New York'],['NY'],['10031'],['N/A']
['Pre-foreclosure'],['Park Row'],['New York'],['NY'],['10038'],"['$2,182,000']"
['Pre-foreclosure'],['W 136th St'],['New York'],['NY'],['10030'],"['$1,861,000']"
['Pre-foreclosure'],['5th Ave'],['New York'],['NY'],['10019'],['N/A']
['Pre-foreclosure'],['Rector Pl Apt 9S'],['New York'],['NY'],['10280'],"['$544,000']"
['Pre-foreclosure'],['E 33rd St Apt 2N'],['New York'],['NY'],['10016'],"['$1,313,000']"
['Pre-foreclosure'],['W 23rd St Apt N12G'],['New York'],['NY'],['10011'],"['$1,175,000']"
['Pre-foreclosure'],['E 46th St Apt 3J'],['New York'],['NY'],['10017'],"['$445,000']"
['Pre-foreclosure'],['Spring St'],['New York'],['NY'],['10012'],"['$2,174,000']"
['Pre-foreclosure'],['E 30th St'],['New York'],['NY'],['10016'],['N/A']
['Pre-foreclosure'],['E 30th St'],['New York'],['NY'],['10016'],['N/A']
['Pre-foreclosure'],['West St'],['New York'],['NY'],['10280'],['N/A']
['Pre-foreclosure'],['E 54th St Apt 34D'],['New York'],['NY'],['10022'],"['$2,256,000']"
['Pre-foreclosure'],['E 74th St Apt 3C'],['New York'],['NY'],['10021'],"['$1,893,000']"
['Pre-foreclosure'],['Bradhurst Ave'],['New York'],['NY'],['10039'],['N/A']
['Pre-foreclosure'],['W 12th St Apt 20C'],['New York'],['NY'],['10011'],"['$1,497,000']"
['Pre-foreclosure'],[],[],[],[],['N/A']
['Pre-foreclosure'],['Wall St Apt 540'],['New York'],['NY'],['10005'],"['$1,967,000']"
['Pre-foreclosure'],['Pine St'],['New York'],['NY'],['10005'],['N/A']
['Pre-foreclosure'],['W 17th St'],['New York'],['NY'],['10011'],['N/A']
['Pre-foreclosure'],['S End Ave Apt 602'],['New York'],['NY'],['10280'],"['$874,000']"
['Pre-foreclosure'],['Wall Street Ct'],['New York'],['NY'],['10005'],['N/A']
['Pre-foreclosure'],['Bowery'],['New York'],['NY'],['10002'],['N/A']
['Pre-foreclosure'],['W 12th St Apt 2D'],['New York'],['NY'],['10011'],"['$2,038,000']"
['Pre-foreclosure'],['Convent Ave'],['New York'],['NY'],['10031'],['N/A']
['Pre-foreclosure'],['Amsterdam Ave'],['New York'],['NY'],['10024'],"['$1,212,000']"
['Pre-foreclosure'],['Amsterdam Ave'],['New York'],['NY'],['10024'],"['$957,000']"
['Pre-foreclosure'],['Manhattan Ave Apt 7R'],['New York'],['NY'],['10025'],"['$770,000']"
['Pre-foreclosure'],['E 76th St Apt 7A'],['New York'],['NY'],['10021'],"['$2,193,000']"
['Pre-foreclosure'],['W 132nd St'],['New York'],['NY'],['10027'],"['$2,143,000']"
['Pre-foreclosure'],['Malcolm X Blvd'],['New York'],['NY'],['10027'],['N/A']
['Pre-foreclosure'],['E 128th St'],['New York'],['NY'],['10035'],"['$904,000']"
['Pre-foreclosure'],['E 38th St'],['New York'],['NY'],['10016'],['N/A']
['Pre-foreclosure'],['Riverside Blvd Apt 33D'],['New York'],['NY'],['10069'],"['$2,783,000']"
['Pre-foreclosure'],['E 38th St'],['New York'],['NY'],['10016'],"['$1,701,000']"
['Pre-foreclosure'],['Broad St Apt 1200'],['New York'],['NY'],['10005'],"['$1,518,000']"
['Pre-foreclosure'],['E 14th St Apt 5S'],['New York'],['NY'],['10009'],"['$2,434,000']"
['Pre-foreclosure'],['W 135th St Apt 4C'],['New York'],['NY'],['10030'],"['$768,000']"
['Pre-foreclosure'],['5th Ave Apt 7M'],['New York'],['NY'],['10026'],"['$967,000']"
['Pre-foreclosure'],['Saint Nicholas Ave'],['New York'],['NY'],['10031'],['N/A']
['Pre-foreclosure'],['Frederick Douglass Blvd'],['New York'],['NY'],['10039'],['N/A']
['Pre-foreclosure'],['7th Ave Apt 3W'],['New York'],['NY'],['10001'],"['$2,317,000']"
['Pre-foreclosure'],['W 116th St Apt 3A'],['New York'],['NY'],['10026'],"['$1,978,000']"
['Pre-foreclosure'],['W 110th St'],['New York'],['NY'],['10026'],['N/A']
['Pre-foreclosure'],['Park Ave S'],['New York'],['NY'],['10016'],['N/A']
['Pre-foreclosure'],['E 33rd St Apt 4M'],['New York'],['NY'],['10016'],"['$1,525,000']"
['Pre-foreclosure'],['Central Park S'],['New York'],['NY'],['10019'],['N/A']
['Pre-foreclosure'],['W 38th St'],['New York'],['NY'],['10018'],['N/A']
['Pre-foreclosure'],['W 110th St'],['New York'],['NY'],['10025'],['N/A']
['Pre-foreclosure'],['W 110th St'],['New York'],['NY'],['10025'],['N/A']
['Pre-foreclosure'],['E 95th St'],['New York'],['NY'],['10128'],['N/A']
['Pre-foreclosure'],['W 120th St'],['New York'],['NY'],['10027'],"['$1,146,000']"
['Pre-foreclosure'],['W 110th St'],['New York'],['NY'],['10025'],['N/A']
['Pre-foreclosure'],['Barrow St'],['New York'],['NY'],['10014'],['N/A']
['Pre-foreclosure'],['W 131st St'],['New York'],['NY'],['10027'],"['$1,945,000']"
['Pre-foreclosure'],['3rd Ave'],['New York'],['NY'],['10035'],['N/A']
['Pre-foreclosure'],['W 185th St'],['New York'],['NY'],['10033'],"['$757,000']"
['Pre-foreclosure'],['Lincoln Plz'],['New York'],['NY'],['10023'],['N/A']
['Pre-foreclosure'],['W 47th St Apt N5B'],['New York'],['NY'],['10036'],"['$976,000']"
['Pre-foreclosure'],['Rector Pl Apt 8F'],['New York'],['NY'],['10280'],"['$553,000']"
['Pre-foreclosure'],['Madison St Apt 9A'],['New York'],['NY'],['10002'],"['$625,000']"
['Pre-foreclosure'],['Malcolm X Blvd'],['New York'],['NY'],['10027'],['N/A']
['Pre-foreclosure'],['E 56th St Apt 16D'],['New York'],['NY'],['10022'],"['$1,310,000']"
['Pre-foreclosure'],['W 28th St'],['New York'],['NY'],['10001'],"['$1,730,000']"
['Pre-foreclosure'],['Bradhurst Ave'],['New York'],['NY'],['10039'],['N/A']
['Pre-foreclosure'],['3rd Ave Apt 20A'],['New York'],['NY'],['10128'],"['$1,560,000']"
['Pre-foreclosure'],['E 63rd St Apt 11A'],['New York'],['NY'],['10065'],"['$1,346,000']"
['Pre-foreclosure'],['W 110th St'],['New York'],['NY'],['10026'],['N/A']
['Pre-foreclosure'],['Park Ave'],['New York'],['NY'],['10021'],['N/A']
['Pre-foreclosure'],['3rd Ave Apt 24A'],['New York'],['NY'],['10128'],"['$1,476,000']"
['Pre-foreclosure'],['E 23rd St Apt 5C'],['New York'],['NY'],['10010'],"['$927,000']"
['Pre-foreclosure'],['E 22nd St'],['New York'],['NY'],['10010'],['N/A']
['Pre-foreclosure'],['W 42nd St Apt 8K'],['New York'],['NY'],['10036'],"['$759,000']"
['Pre-foreclosure'],['7th Ave'],['New York'],['NY'],['10001'],['N/A']
['Pre-foreclosure'],['Malcolm X Blvd'],['New York'],['NY'],['10027'],['N/A']
['Pre-foreclosure'],['E 129th St'],['New York'],['NY'],['10035'],"['$1,817,000']"
['Pre-foreclosure'],['E 36th St'],['New York'],['NY'],['10016'],['N/A']
['Pre-foreclosure'],['Malcolm X Blvd'],['New York'],['NY'],['10026'],['N/A']
['Pre-foreclosure'],['W 22nd St Apt 5A'],['New York'],['NY'],['10011'],"['$1,838,000']"
['Pre-foreclosure'],['W 22nd St Apt 5B'],['New York'],['NY'],['10011'],"['$1,749,000']"
['Pre-foreclosure'],['Central Park W Apt 4W'],['New York'],['NY'],['10025'],"['$934,000']"
['Pre-foreclosure'],['W 22nd St Apt 5C'],['New York'],['NY'],['10011'],"['$1,978,000']"
['Pre-foreclosure'],['W 120th St'],['New York'],['NY'],['10027'],"['$1,997,000']"
['Pre-foreclosure'],['E 46th St'],['New York'],['NY'],['10017'],['N/A']
['Pre-foreclosure'],['5th Ave'],['New York'],['NY'],['10022'],['N/A']
